[{"model": "admin.logentry", "pk": 1, "fields": {"action_time": "2026-05-02T00:49:22.151Z", "user": 1, "content_type": 8, "object_id": "1", "object_repr": "Adrian City", "action_flag": 1, "change_message": "[{\"added\": {}}]"}}, {"model": "admin.logentry", "pk": 2, "fields": {"action_time": "2026-05-02T00:49:31.695Z", "user": 1, "content_type": 8, "object_id": "2", "object_repr": "Real Oroya", "action_flag": 1, "change_message": "[{\"added\": {}}]"}}, {"model": "admin.logentry", "pk": 3, "fields": {"action_time": "2026-05-02T01:01:20.962Z", "user": 1, "content_type": 3, "object_id": "1", "object_repr": "A", "action_flag": 1, "change_message": "[{\"added\": {}}]"}}, {"model": "admin.logentry", "pk": 4, "fields": {"action_time": "2026-05-02T01:01:25.699Z", "user": 1, "content_type": 3, "object_id": "2", "object_repr": "B", "action_flag": 1, "change_message": "[{\"added\": {}}]"}}, {"model": "admin.logentry", "pk": 5, "fields": {"action_time": "2026-05-02T01:01:36.275Z", "user": 1, "content_type": 3, "object_id": "3", "object_repr": "C", "action_flag": 1, "change_message": "[{\"added\": {}}]"}}, {"model": "admin.logentry", "pk": 6, "fields": {"action_time": "2026-05-02T01:01:38.922Z", "user": 1, "content_type": 3, "object_id": "4", "object_repr": "D", "action_flag": 1, "change_message": "[{\"added\": {}}]"}}, {"model": "admin.logentry", "pk": 7, "fields": {"action_time": "2026-05-02T01:06:42.727Z", "user": 1, "content_type": 9, "object_id": "1", "object_repr": "Adrian City vs Real Oroya", "action_flag": 1, "change_message": "[{\"added\": {}}]"}}, {"model": "admin.logentry", "pk": 8, "fields": {"action_time": "2026-05-02T01:16:23.659Z", "user": 1, "content_type": 8, "object_id": "3", "object_repr": "Adrian City", "action_flag": 1, "change_message": "[{\"added\": {}}]"}}, {"model": "admin.logentry", "pk": 9, "fields": {"action_time": "2026-05-02T01:16:59.199Z", "user": 1, "content_type": 8, "object_id": "3", "object_repr": "Adrian City", "action_flag": 2, "change_message": "[]"}}, {"model": "admin.logentry", "pk": 10, "fields": {"action_time": "2026-05-02T01:17:29.100Z", "user": 1, "content_type": 8, "object_id": "3", "object_repr": "Adrian City", "action_flag": 3, "change_message": ""}}, {"model": "admin.logentry", "pk": 11, "fields": {"action_time": "2026-05-02T01:17:34.042Z", "user": 1, "content_type": 8, "object_id": "1", "object_repr": "Adrian City", "action_flag": 2, "change_message": "[{\"changed\": {\"fields\": [\"Logo\"]}}]"}}, {"model": "admin.logentry", "pk": 12, "fields": {"action_time": "2026-05-02T01:18:12.842Z", "user": 1, "content_type": 10, "object_id": "1", "object_repr": "Grupo A", "action_flag": 1, "change_message": "[{\"added\": {}}]"}}, {"model": "admin.logentry", "pk": 13, "fields": {"action_time": "2026-05-02T01:18:19.228Z", "user": 1, "content_type": 10, "object_id": "2", "object_repr": "Grupo B", "action_flag": 1, "change_message": "[{\"added\": {}}]"}}, {"model": "admin.logentry", "pk": 14, "fields": {"action_time": "2026-05-02T01:18:27.305Z", "user": 1, "content_type": 10, "object_id": "2", "object_repr": "Grupo B", "action_flag": 2, "change_message": "[]"}}, {"model": "admin.logentry", "pk": 15, "fields": {"action_time": "2026-05-02T01:18:33.227Z", "user": 1, "content_type": 10, "object_id": "3", "object_repr": "Grupo C", "action_flag": 1, "change_message": "[{\"added\": {}}]"}}, {"model": "admin.logentry", "pk": 16, "fields": {"action_time": "2026-05-02T01:18:36.036Z", "user": 1, "content_type": 10, "object_id": "4", "object_repr": "Grupo D", "action_flag": 1, "change_message": "[{\"added\": {}}]"}}, {"model": "admin.logentry", "pk": 17, "fields": {"action_time": "2026-05-02T01:19:19.179Z", "user": 1, "content_type": 7, "object_id": "1", "object_repr": "GrupoEquipo object (1)", "action_flag": 1, "change_message": "[{\"added\": {}}]"}}, {"model": "admin.logentry", "pk": 18, "fields": {"action_time": "2026-05-02T01:19:22.753Z", "user": 1, "content_type": 7, "object_id": "1", "object_repr": "GrupoEquipo object (1)", "action_flag": 2, "change_message": "[]"}}, {"model": "admin.logentry", "pk": 19, "fields": {"action_time": "2026-05-02T01:19:50.754Z", "user": 1, "content_type": 7, "object_id": "2", "object_repr": "GrupoEquipo object (2)", "action_flag": 1, "change_message": "[{\"added\": {}}]"}}, {"model": "admin.logentry", "pk": 20, "fields": {"action_time": "2026-05-02T01:19:57.667Z", "user": 1, "content_type": 8, "object_id": "2", "object_repr": "Real Oroya", "action_flag": 2, "change_message": "[{\"changed\": {\"fields\": [\"Logo\"]}}]"}}, {"model": "admin.logentry", "pk": 21, "fields": {"action_time": "2026-05-02T01:26:44.948Z", "user": 1, "content_type": 8, "object_id": "4", "object_repr": "FC Quakers", "action_flag": 1, "change_message": "[{\"added\": {}}]"}}, {"model": "admin.logentry", "pk": 22, "fields": {"action_time": "2026-05-02T01:26:50.613Z", "user": 1, "content_type": 8, "object_id": "5", "object_repr": "AC Mario", "action_flag": 1, "change_message": "[{\"added\": {}}]"}}, {"model": "admin.logentry", "pk": 23, "fields": {"action_time": "2026-05-02T01:26:57.925Z", "user": 1, "content_type": 8, "object_id": "6", "object_repr": "Pum de Munich", "action_flag": 1, "change_message": "[{\"added\": {}}]"}}, {"model": "admin.logentry", "pk": 24, "fields": {"action_time": "2026-05-02T01:27:16.770Z", "user": 1, "content_type": 8, "object_id": "7", "object_repr": "Rompe Tobillos FC", "action_flag": 1, "change_message": "[{\"added\": {}}]"}}, {"model": "admin.logentry", "pk": 25, "fields": {"action_time": "2026-05-02T01:27:22.913Z", "user": 1, "content_type": 8, "object_id": "8", "object_repr": "Manchester Meneses", "action_flag": 1, "change_message": "[{\"added\": {}}]"}}, {"model": "admin.logentry", "pk": 26, "fields": {"action_time": "2026-05-02T01:37:13.461Z", "user": 1, "content_type": 9, "object_id": "1", "object_repr": "Adrian City vs Real Oroya", "action_flag": 3, "change_message": ""}}, {"model": "admin.logentry", "pk": 27, "fields": {"action_time": "2026-05-02T01:37:32.030Z", "user": 1, "content_type": 7, "object_id": "1", "object_repr": "GrupoEquipo object (1)", "action_flag": 2, "change_message": "[{\"changed\": {\"fields\": [\"Pj\", \"G\", \"Gf\", \"Puntos\"]}}]"}}, {"model": "admin.logentry", "pk": 28, "fields": {"action_time": "2026-05-02T01:38:14.544Z", "user": 1, "content_type": 8, "object_id": "9", "object_repr": "PSF", "action_flag": 1, "change_message": "[{\"added\": {}}]"}}, {"model": "admin.logentry", "pk": 29, "fields": {"action_time": "2026-05-02T01:38:22.481Z", "user": 1, "content_type": 8, "object_id": "10", "object_repr": "Yubetimba", "action_flag": 1, "change_message": "[{\"added\": {}}]"}}, {"model": "admin.logentry", "pk": 30, "fields": {"action_time": "2026-05-02T01:38:29.983Z", "user": 1, "content_type": 8, "object_id": "11", "object_repr": "FC Kaizen", "action_flag": 1, "change_message": "[{\"added\": {}}]"}}, {"model": "admin.logentry", "pk": 31, "fields": {"action_time": "2026-05-02T01:38:41.773Z", "user": 1, "content_type": 8, "object_id": "12", "object_repr": "Hancernal", "action_flag": 1, "change_message": "[{\"added\": {}}]"}}, {"model": "admin.logentry", "pk": 32, "fields": {"action_time": "2026-05-02T01:39:05.159Z", "user": 1, "content_type": 7, "object_id": "1", "object_repr": "GrupoEquipo object (1)", "action_flag": 2, "change_message": "[]"}}, {"model": "admin.logentry", "pk": 33, "fields": {"action_time": "2026-05-02T01:39:14.925Z", "user": 1, "content_type": 7, "object_id": "3", "object_repr": "GrupoEquipo object (3)", "action_flag": 1, "change_message": "[{\"added\": {}}]"}}, {"model": "admin.logentry", "pk": 34, "fields": {"action_time": "2026-05-02T01:39:32.860Z", "user": 1, "content_type": 8, "object_id": "4", "object_repr": "FC Quakers", "action_flag": 2, "change_message": "[{\"changed\": {\"fields\": [\"Logo\"]}}]"}}, {"model": "admin.logentry", "pk": 35, "fields": {"action_time": "2026-05-02T01:41:24.343Z", "user": 1, "content_type": 9, "object_id": "2", "object_repr": "Adrian City vs FC Quakers", "action_flag": 1, "change_message": "[{\"added\": {}}]"}}, {"model": "admin.logentry", "pk": 36, "fields": {"action_time": "2026-05-02T01:41:41.924Z", "user": 1, "content_type": 9, "object_id": "2", "object_repr": "Adrian City vs FC Quakers", "action_flag": 3, "change_message": ""}}, {"model": "admin.logentry", "pk": 37, "fields": {"action_time": "2026-05-02T01:42:11.671Z", "user": 1, "content_type": 7, "object_id": "1", "object_repr": "GrupoEquipo object (1)", "action_flag": 2, "change_message": "[{\"changed\": {\"fields\": [\"Pj\", \"G\", \"Gf\", \"Gc\", \"Puntos\"]}}]"}}, {"model": "admin.logentry", "pk": 38, "fields": {"action_time": "2026-05-02T16:59:09.117Z", "user": 1, "content_type": 7, "object_id": "3", "object_repr": "GrupoEquipo object (3)", "action_flag": 2, "change_message": "[{\"changed\": {\"fields\": [\"Pj\", \"P\", \"Gf\", \"Gc\"]}}]"}}, {"model": "admin.logentry", "pk": 39, "fields": {"action_time": "2026-05-02T16:59:27.712Z", "user": 1, "content_type": 7, "object_id": "4", "object_repr": "GrupoEquipo object (4)", "action_flag": 1, "change_message": "[{\"added\": {}}]"}}, {"model": "admin.logentry", "pk": 40, "fields": {"action_time": "2026-05-02T17:03:07.045Z", "user": 1, "content_type": 8, "object_id": "7", "object_repr": "Rompe Tobillos FC", "action_flag": 2, "change_message": "[{\"changed\": {\"fields\": [\"Logo\"]}}]"}}, {"model": "admin.logentry", "pk": 41, "fields": {"action_time": "2026-05-02T17:04:38.278Z", "user": 1, "content_type": 8, "object_id": "13", "object_repr": "Cuy Atletico", "action_flag": 1, "change_message": "[{\"added\": {}}]"}}, {"model": "admin.logentry", "pk": 42, "fields": {"action_time": "2026-05-02T17:04:54.216Z", "user": 1, "content_type": 7, "object_id": "5", "object_repr": "GrupoEquipo object (5)", "action_flag": 1, "change_message": "[{\"added\": {}}]"}}, {"model": "admin.logentry", "pk": 43, "fields": {"action_time": "2026-05-02T17:05:15.743Z", "user": 1, "content_type": 8, "object_id": "5", "object_repr": "AC Mario", "action_flag": 2, "change_message": "[{\"changed\": {\"fields\": [\"Logo\"]}}]"}}, {"model": "admin.logentry", "pk": 44, "fields": {"action_time": "2026-05-02T17:05:22.602Z", "user": 1, "content_type": 8, "object_id": "6", "object_repr": "Pum de Munich", "action_flag": 2, "change_message": "[{\"changed\": {\"fields\": [\"Logo\"]}}]"}}, {"model": "admin.logentry", "pk": 45, "fields": {"action_time": "2026-05-02T17:05:29.447Z", "user": 1, "content_type": 8, "object_id": "8", "object_repr": "Manchester Meneses", "action_flag": 2, "change_message": "[{\"changed\": {\"fields\": [\"Logo\"]}}]"}}, {"model": "admin.logentry", "pk": 46, "fields": {"action_time": "2026-05-02T17:05:37.463Z", "user": 1, "content_type": 8, "object_id": "9", "object_repr": "PSF", "action_flag": 2, "change_message": "[{\"changed\": {\"fields\": [\"Logo\"]}}]"}}, {"model": "admin.logentry", "pk": 47, "fields": {"action_time": "2026-05-02T17:20:19.769Z", "user": 1, "content_type": 8, "object_id": "14", "object_repr": "DDA", "action_flag": 1, "change_message": "[{\"added\": {}}]"}}, {"model": "admin.logentry", "pk": 48, "fields": {"action_time": "2026-05-02T17:20:39.546Z", "user": 1, "content_type": 8, "object_id": "9", "object_repr": "PSF", "action_flag": 2, "change_message": "[]"}}, {"model": "admin.logentry", "pk": 49, "fields": {"action_time": "2026-05-02T17:24:02.681Z", "user": 1, "content_type": 8, "object_id": "15", "object_repr": "NotrofeoHam", "action_flag": 1, "change_message": "[{\"added\": {}}]"}}, {"model": "admin.logentry", "pk": 50, "fields": {"action_time": "2026-05-02T17:24:59.814Z", "user": 1, "content_type": 8, "object_id": "16", "object_repr": "Equipo Sebastian", "action_flag": 1, "change_message": "[{\"added\": {}}]"}}, {"model": "admin.logentry", "pk": 51, "fields": {"action_time": "2026-05-02T17:25:06.538Z", "user": 1, "content_type": 8, "object_id": "17", "object_repr": "Equipo Johan", "action_flag": 1, "change_message": "[{\"added\": {}}]"}}, {"model": "admin.logentry", "pk": 52, "fields": {"action_time": "2026-05-02T17:25:21.911Z", "user": 1, "content_type": 7, "object_id": "6", "object_repr": "GrupoEquipo object (6)", "action_flag": 1, "change_message": "[{\"added\": {}}]"}}, {"model": "admin.logentry", "pk": 53, "fields": {"action_time": "2026-05-02T17:25:50.009Z", "user": 1, "content_type": 7, "object_id": "7", "object_repr": "GrupoEquipo object (7)", "action_flag": 1, "change_message": "[{\"added\": {}}]"}}, {"model": "admin.logentry", "pk": 54, "fields": {"action_time": "2026-05-02T17:26:04.911Z", "user": 1, "content_type": 7, "object_id": "8", "object_repr": "GrupoEquipo object (8)", "action_flag": 1, "change_message": "[{\"added\": {}}]"}}, {"model": "admin.logentry", "pk": 55, "fields": {"action_time": "2026-05-02T17:27:27.635Z", "user": 1, "content_type": 7, "object_id": "9", "object_repr": "GrupoEquipo object (9)", "action_flag": 1, "change_message": "[{\"added\": {}}]"}}, {"model": "admin.logentry", "pk": 56, "fields": {"action_time": "2026-05-02T17:27:57.041Z", "user": 1, "content_type": 7, "object_id": "10", "object_repr": "GrupoEquipo object (10)", "action_flag": 1, "change_message": "[{\"added\": {}}]"}}, {"model": "admin.logentry", "pk": 57, "fields": {"action_time": "2026-05-02T17:28:16.375Z", "user": 1, "content_type": 7, "object_id": "11", "object_repr": "GrupoEquipo object (11)", "action_flag": 1, "change_message": "[{\"added\": {}}]"}}, {"model": "admin.logentry", "pk": 58, "fields": {"action_time": "2026-05-02T17:28:27.451Z", "user": 1, "content_type": 7, "object_id": "12", "object_repr": "GrupoEquipo object (12)", "action_flag": 1, "change_message": "[{\"added\": {}}]"}}, {"model": "admin.logentry", "pk": 59, "fields": {"action_time": "2026-05-02T17:28:39.943Z", "user": 1, "content_type": 7, "object_id": "13", "object_repr": "GrupoEquipo object (13)", "action_flag": 1, "change_message": "[{\"added\": {}}]"}}, {"model": "admin.logentry", "pk": 60, "fields": {"action_time": "2026-05-02T17:28:47.738Z", "user": 1, "content_type": 7, "object_id": "13", "object_repr": "GrupoEquipo object (13)", "action_flag": 2, "change_message": "[{\"changed\": {\"fields\": [\"Equipo\"]}}]"}}, {"model": "admin.logentry", "pk": 61, "fields": {"action_time": "2026-05-02T17:29:23.294Z", "user": 1, "content_type": 7, "object_id": "14", "object_repr": "GrupoEquipo object (14)", "action_flag": 1, "change_message": "[{\"added\": {}}]"}}, {"model": "admin.logentry", "pk": 62, "fields": {"action_time": "2026-05-02T17:29:44.637Z", "user": 1, "content_type": 7, "object_id": "15", "object_repr": "GrupoEquipo object (15)", "action_flag": 1, "change_message": "[{\"added\": {}}]"}}, {"model": "admin.logentry", "pk": 63, "fields": {"action_time": "2026-05-02T17:29:49.873Z", "user": 1, "content_type": 7, "object_id": "16", "object_repr": "GrupoEquipo object (16)", "action_flag": 1, "change_message": "[{\"added\": {}}]"}}, {"model": "admin.logentry", "pk": 64, "fields": {"action_time": "2026-05-02T18:03:48.947Z", "user": 1, "content_type": 8, "object_id": "12", "object_repr": "Hancernal", "action_flag": 2, "change_message": "[{\"changed\": {\"fields\": [\"Logo\"]}}]"}}, {"model": "admin.logentry", "pk": 65, "fields": {"action_time": "2026-05-02T18:04:36.084Z", "user": 1, "content_type": 8, "object_id": "12", "object_repr": "Hancernal", "action_flag": 2, "change_message": "[{\"changed\": {\"fields\": [\"Logo\"]}}]"}}, {"model": "admin.logentry", "pk": 66, "fields": {"action_time": "2026-05-02T18:05:00.531Z", "user": 1, "content_type": 8, "object_id": "12", "object_repr": "Hancernal", "action_flag": 2, "change_message": "[{\"changed\": {\"fields\": [\"Logo\"]}}]"}}, {"model": "admin.logentry", "pk": 67, "fields": {"action_time": "2026-05-02T18:05:27.685Z", "user": 1, "content_type": 8, "object_id": "12", "object_repr": "Hancernal", "action_flag": 2, "change_message": "[{\"changed\": {\"fields\": [\"Logo\"]}}]"}}, {"model": "admin.logentry", "pk": 68, "fields": {"action_time": "2026-05-02T18:05:45.423Z", "user": 1, "content_type": 8, "object_id": "12", "object_repr": "Hancernal", "action_flag": 3, "change_message": ""}}, {"model": "admin.logentry", "pk": 69, "fields": {"action_time": "2026-05-02T18:06:12.365Z", "user": 1, "content_type": 7, "object_id": "1", "object_repr": "GrupoEquipo object (1)", "action_flag": 3, "change_message": ""}}, {"model": "admin.logentry", "pk": 70, "fields": {"action_time": "2026-05-02T18:06:28.291Z", "user": 1, "content_type": 7, "object_id": "16", "object_repr": "GrupoEquipo object (16)", "action_flag": 3, "change_message": ""}}, {"model": "admin.logentry", "pk": 71, "fields": {"action_time": "2026-05-02T18:06:28.291Z", "user": 1, "content_type": 7, "object_id": "15", "object_repr": "GrupoEquipo object (15)", "action_flag": 3, "change_message": ""}}, {"model": "admin.logentry", "pk": 72, "fields": {"action_time": "2026-05-02T18:06:28.291Z", "user": 1, "content_type": 7, "object_id": "14", "object_repr": "GrupoEquipo object (14)", "action_flag": 3, "change_message": ""}}, {"model": "admin.logentry", "pk": 73, "fields": {"action_time": "2026-05-02T18:06:28.291Z", "user": 1, "content_type": 7, "object_id": "13", "object_repr": "GrupoEquipo object (13)", "action_flag": 3, "change_message": ""}}, {"model": "admin.logentry", "pk": 74, "fields": {"action_time": "2026-05-02T18:06:28.291Z", "user": 1, "content_type": 7, "object_id": "11", "object_repr": "GrupoEquipo object (11)", "action_flag": 3, "change_message": ""}}, {"model": "admin.logentry", "pk": 75, "fields": {"action_time": "2026-05-02T18:06:28.291Z", "user": 1, "content_type": 7, "object_id": "10", "object_repr": "GrupoEquipo object (10)", "action_flag": 3, "change_message": ""}}, {"model": "admin.logentry", "pk": 76, "fields": {"action_time": "2026-05-02T18:06:28.291Z", "user": 1, "content_type": 7, "object_id": "9", "object_repr": "GrupoEquipo object (9)", "action_flag": 3, "change_message": ""}}, {"model": "admin.logentry", "pk": 77, "fields": {"action_time": "2026-05-02T18:06:28.291Z", "user": 1, "content_type": 7, "object_id": "8", "object_repr": "GrupoEquipo object (8)", "action_flag": 3, "change_message": ""}}, {"model": "admin.logentry", "pk": 78, "fields": {"action_time": "2026-05-02T18:06:28.291Z", "user": 1, "content_type": 7, "object_id": "7", "object_repr": "GrupoEquipo object (7)", "action_flag": 3, "change_message": ""}}, {"model": "admin.logentry", "pk": 79, "fields": {"action_time": "2026-05-02T18:06:28.291Z", "user": 1, "content_type": 7, "object_id": "6", "object_repr": "GrupoEquipo object (6)", "action_flag": 3, "change_message": ""}}, {"model": "admin.logentry", "pk": 80, "fields": {"action_time": "2026-05-02T18:06:28.291Z", "user": 1, "content_type": 7, "object_id": "5", "object_repr": "GrupoEquipo object (5)", "action_flag": 3, "change_message": ""}}, {"model": "admin.logentry", "pk": 81, "fields": {"action_time": "2026-05-02T18:06:28.291Z", "user": 1, "content_type": 7, "object_id": "4", "object_repr": "GrupoEquipo object (4)", "action_flag": 3, "change_message": ""}}, {"model": "admin.logentry", "pk": 82, "fields": {"action_time": "2026-05-02T18:06:28.292Z", "user": 1, "content_type": 7, "object_id": "3", "object_repr": "GrupoEquipo object (3)", "action_flag": 3, "change_message": ""}}, {"model": "admin.logentry", "pk": 83, "fields": {"action_time": "2026-05-02T18:06:28.292Z", "user": 1, "content_type": 7, "object_id": "2", "object_repr": "GrupoEquipo object (2)", "action_flag": 3, "change_message": ""}}, {"model": "admin.logentry", "pk": 84, "fields": {"action_time": "2026-05-02T18:07:29.129Z", "user": 1, "content_type": 8, "object_id": "18", "object_repr": "Hancernal", "action_flag": 1, "change_message": "[{\"added\": {}}]"}}, {"model": "admin.logentry", "pk": 85, "fields": {"action_time": "2026-05-03T17:13:14.524Z", "user": 1, "content_type": 8, "object_id": "17", "object_repr": "Johantus", "action_flag": 2, "change_message": "[{\"changed\": {\"fields\": [\"Nombre\", \"Logo\"]}}]"}}, {"model": "admin.logentry", "pk": 86, "fields": {"action_time": "2026-05-30T21:08:25.256Z", "user": 1, "content_type": 8, "object_id": "10", "object_repr": "ASTON TIMBA", "action_flag": 2, "change_message": "[{\"changed\": {\"fields\": [\"Nombre\"]}}]"}}, {"model": "admin.logentry", "pk": 87, "fields": {"action_time": "2026-05-30T21:08:34.974Z", "user": 1, "content_type": 8, "object_id": "1", "object_repr": "ADRIAN CITY", "action_flag": 2, "change_message": "[{\"changed\": {\"fields\": [\"Nombre\"]}}]"}}, {"model": "admin.logentry", "pk": 88, "fields": {"action_time": "2026-05-30T21:08:49.123Z", "user": 1, "content_type": 8, "object_id": "18", "object_repr": "HANCERNAL", "action_flag": 2, "change_message": "[{\"changed\": {\"fields\": [\"Nombre\", \"Logo\"]}}]"}}, {"model": "admin.logentry", "pk": 89, "fields": {"action_time": "2026-05-30T21:09:23.796Z", "user": 1, "content_type": 8, "object_id": "17", "object_repr": "JOHANTUS", "action_flag": 2, "change_message": "[{\"changed\": {\"fields\": [\"Nombre\", \"Logo\"]}}]"}}, {"model": "admin.logentry", "pk": 90, "fields": {"action_time": "2026-05-30T21:09:45.354Z", "user": 1, "content_type": 8, "object_id": "16", "object_repr": "FC KCHACEBRAS", "action_flag": 2, "change_message": "[{\"changed\": {\"fields\": [\"Nombre\"]}}]"}}, {"model": "admin.logentry", "pk": 91, "fields": {"action_time": "2026-05-30T21:09:55.406Z", "user": 1, "content_type": 8, "object_id": "15", "object_repr": "NOTROFEOHAM", "action_flag": 2, "change_message": "[{\"changed\": {\"fields\": [\"Nombre\", \"Logo\"]}}]"}}, {"model": "admin.logentry", "pk": 92, "fields": {"action_time": "2026-05-30T21:10:55.753Z", "user": 1, "content_type": 8, "object_id": "14", "object_repr": "DDA", "action_flag": 2, "change_message": "[{\"changed\": {\"fields\": [\"Logo\"]}}]"}}, {"model": "admin.logentry", "pk": 93, "fields": {"action_time": "2026-05-30T21:11:10.489Z", "user": 1, "content_type": 8, "object_id": "13", "object_repr": "CUY ATLETICO", "action_flag": 2, "change_message": "[{\"changed\": {\"fields\": [\"Nombre\", \"Logo\"]}}]"}}, {"model": "admin.logentry", "pk": 94, "fields": {"action_time": "2026-05-30T21:11:19.419Z", "user": 1, "content_type": 8, "object_id": "11", "object_repr": "FC KAIZEN", "action_flag": 2, "change_message": "[{\"changed\": {\"fields\": [\"Nombre\"]}}]"}}, {"model": "admin.logentry", "pk": 95, "fields": {"action_time": "2026-05-30T21:11:24.301Z", "user": 1, "content_type": 8, "object_id": "10", "object_repr": "ASTON TIMBA", "action_flag": 2, "change_message": "[]"}}, {"model": "admin.logentry", "pk": 96, "fields": {"action_time": "2026-05-30T21:11:27.982Z", "user": 1, "content_type": 8, "object_id": "9", "object_repr": "PSF", "action_flag": 2, "change_message": "[{\"changed\": {\"fields\": [\"Logo\"]}}]"}}, {"model": "admin.logentry", "pk": 97, "fields": {"action_time": "2026-05-30T21:11:37.165Z", "user": 1, "content_type": 8, "object_id": "8", "object_repr": "MAN. MENESES", "action_flag": 2, "change_message": "[{\"changed\": {\"fields\": [\"Nombre\", \"Logo\"]}}]"}}, {"model": "admin.logentry", "pk": 98, "fields": {"action_time": "2026-05-30T21:11:49.324Z", "user": 1, "content_type": 8, "object_id": "7", "object_repr": "ROMPE T. FC", "action_flag": 2, "change_message": "[{\"changed\": {\"fields\": [\"Nombre\", \"Logo\"]}}]"}}, {"model": "admin.logentry", "pk": 99, "fields": {"action_time": "2026-05-30T21:12:43.850Z", "user": 1, "content_type": 8, "object_id": "6", "object_repr": "PUM DE MUNICH", "action_flag": 2, "change_message": "[{\"changed\": {\"fields\": [\"Nombre\", \"Logo\"]}}]"}}, {"model": "admin.logentry", "pk": 100, "fields": {"action_time": "2026-05-30T21:12:52.263Z", "user": 1, "content_type": 8, "object_id": "5", "object_repr": "AC MARIO", "action_flag": 2, "change_message": "[{\"changed\": {\"fields\": [\"Nombre\", \"Logo\"]}}]"}}, {"model": "admin.logentry", "pk": 101, "fields": {"action_time": "2026-05-30T21:12:58.250Z", "user": 1, "content_type": 8, "object_id": "7", "object_repr": "ROMPE T. FC", "action_flag": 2, "change_message": "[]"}}, {"model": "admin.logentry", "pk": 102, "fields": {"action_time": "2026-05-30T21:13:01.011Z", "user": 1, "content_type": 8, "object_id": "6", "object_repr": "PUM DE MUNICH", "action_flag": 2, "change_message": "[]"}}, {"model": "admin.logentry", "pk": 103, "fields": {"action_time": "2026-05-30T21:13:05.943Z", "user": 1, "content_type": 8, "object_id": "5", "object_repr": "AC MARIO", "action_flag": 2, "change_message": "[]"}}, {"model": "admin.logentry", "pk": 104, "fields": {"action_time": "2026-05-30T21:13:16.433Z", "user": 1, "content_type": 8, "object_id": "4", "object_repr": "FC QUAKERS", "action_flag": 2, "change_message": "[{\"changed\": {\"fields\": [\"Nombre\", \"Logo\"]}}]"}}, {"model": "admin.logentry", "pk": 105, "fields": {"action_time": "2026-05-30T21:13:26.132Z", "user": 1, "content_type": 8, "object_id": "2", "object_repr": "REAL OROYA", "action_flag": 2, "change_message": "[{\"changed\": {\"fields\": [\"Nombre\", \"Logo\"]}}]"}}, {"model": "admin.logentry", "pk": 106, "fields": {"action_time": "2026-05-30T21:13:37.206Z", "user": 1, "content_type": 8, "object_id": "1", "object_repr": "ADRIAN CITY", "action_flag": 2, "change_message": "[{\"changed\": {\"fields\": [\"Logo\"]}}]"}}, {"model": "admin.logentry", "pk": 107, "fields": {"action_time": "2026-05-30T21:13:39.864Z", "user": 1, "content_type": 8, "object_id": "2", "object_repr": "REAL OROYA", "action_flag": 2, "change_message": "[]"}}, {"model": "admin.logentry", "pk": 108, "fields": {"action_time": "2026-05-30T21:13:59.904Z", "user": 1, "content_type": 7, "object_id": "17", "object_repr": "GrupoEquipo object (17)", "action_flag": 1, "change_message": "[{\"added\": {}}]"}}, {"model": "admin.logentry", "pk": 109, "fields": {"action_time": "2026-05-30T21:14:28.908Z", "user": 1, "content_type": 7, "object_id": "18", "object_repr": "GrupoEquipo object (18)", "action_flag": 1, "change_message": "[{\"added\": {}}]"}}, {"model": "admin.logentry", "pk": 110, "fields": {"action_time": "2026-05-30T21:14:42.218Z", "user": 1, "content_type": 7, "object_id": "19", "object_repr": "GrupoEquipo object (19)", "action_flag": 1, "change_message": "[{\"added\": {}}]"}}, {"model": "admin.logentry", "pk": 111, "fields": {"action_time": "2026-05-30T21:15:01.654Z", "user": 1, "content_type": 7, "object_id": "20", "object_repr": "GrupoEquipo object (20)", "action_flag": 1, "change_message": "[{\"added\": {}}]"}}, {"model": "admin.logentry", "pk": 112, "fields": {"action_time": "2026-05-30T21:16:54.969Z", "user": 1, "content_type": 7, "object_id": "21", "object_repr": "GrupoEquipo object (21)", "action_flag": 1, "change_message": "[{\"added\": {}}]"}}, {"model": "admin.logentry", "pk": 113, "fields": {"action_time": "2026-05-30T21:17:10.242Z", "user": 1, "content_type": 7, "object_id": "22", "object_repr": "GrupoEquipo object (22)", "action_flag": 1, "change_message": "[{\"added\": {}}]"}}, {"model": "admin.logentry", "pk": 114, "fields": {"action_time": "2026-05-30T21:17:47.825Z", "user": 1, "content_type": 7, "object_id": "23", "object_repr": "GrupoEquipo object (23)", "action_flag": 1, "change_message": "[{\"added\": {}}]"}}, {"model": "admin.logentry", "pk": 115, "fields": {"action_time": "2026-05-30T21:18:11.910Z", "user": 1, "content_type": 7, "object_id": "24", "object_repr": "GrupoEquipo object (24)", "action_flag": 1, "change_message": "[{\"added\": {}}]"}}, {"model": "admin.logentry", "pk": 116, "fields": {"action_time": "2026-05-30T21:19:08.928Z", "user": 1, "content_type": 7, "object_id": "25", "object_repr": "GrupoEquipo object (25)", "action_flag": 1, "change_message": "[{\"added\": {}}]"}}, {"model": "admin.logentry", "pk": 117, "fields": {"action_time": "2026-05-30T21:19:50.440Z", "user": 1, "content_type": 7, "object_id": "26", "object_repr": "GrupoEquipo object (26)", "action_flag": 1, "change_message": "[{\"added\": {}}]"}}, {"model": "admin.logentry", "pk": 118, "fields": {"action_time": "2026-05-30T21:20:01.261Z", "user": 1, "content_type": 7, "object_id": "27", "object_repr": "GrupoEquipo object (27)", "action_flag": 1, "change_message": "[{\"added\": {}}]"}}, {"model": "admin.logentry", "pk": 119, "fields": {"action_time": "2026-05-30T21:20:09.041Z", "user": 1, "content_type": 7, "object_id": "28", "object_repr": "GrupoEquipo object (28)", "action_flag": 1, "change_message": "[{\"added\": {}}]"}}, {"model": "admin.logentry", "pk": 120, "fields": {"action_time": "2026-05-30T21:21:18.233Z", "user": 1, "content_type": 7, "object_id": "29", "object_repr": "GrupoEquipo object (29)", "action_flag": 1, "change_message": "[{\"added\": {}}]"}}, {"model": "admin.logentry", "pk": 121, "fields": {"action_time": "2026-05-30T21:21:25.023Z", "user": 1, "content_type": 7, "object_id": "30", "object_repr": "GrupoEquipo object (30)", "action_flag": 1, "change_message": "[{\"added\": {}}]"}}, {"model": "admin.logentry", "pk": 122, "fields": {"action_time": "2026-05-30T21:21:33.835Z", "user": 1, "content_type": 7, "object_id": "31", "object_repr": "GrupoEquipo object (31)", "action_flag": 1, "change_message": "[{\"added\": {}}]"}}, {"model": "admin.logentry", "pk": 123, "fields": {"action_time": "2026-05-30T21:21:53.172Z", "user": 1, "content_type": 7, "object_id": "32", "object_repr": "GrupoEquipo object (32)", "action_flag": 1, "change_message": "[{\"added\": {}}]"}}, {"model": "admin.logentry", "pk": 124, "fields": {"action_time": "2026-06-02T15:01:02.658Z", "user": 1, "content_type": 9, "object_id": "3", "object_repr": "ADRIAN CITY vs FC KCHACEBRAS", "action_flag": 1, "change_message": "[{\"added\": {}}]"}}, {"model": "admin.logentry", "pk": 125, "fields": {"action_time": "2026-06-02T15:01:34.398Z", "user": 1, "content_type": 9, "object_id": "4", "object_repr": "ADRIAN CITY vs ASTON TIMBA", "action_flag": 1, "change_message": "[{\"added\": {}}]"}}, {"model": "admin.logentry", "pk": 126, "fields": {"action_time": "2026-06-02T15:08:35.054Z", "user": 1, "content_type": 9, "object_id": "5", "object_repr": "ADRIAN CITY vs HANCERNAL", "action_flag": 1, "change_message": "[{\"added\": {}}]"}}, {"model": "admin.logentry", "pk": 127, "fields": {"action_time": "2026-06-02T15:10:21.771Z", "user": 1, "content_type": 9, "object_id": "5", "object_repr": "ADRIAN CITY vs HANCERNAL", "action_flag": 3, "change_message": ""}}, {"model": "admin.logentry", "pk": 128, "fields": {"action_time": "2026-06-02T15:10:21.771Z", "user": 1, "content_type": 9, "object_id": "4", "object_repr": "ADRIAN CITY vs ASTON TIMBA", "action_flag": 3, "change_message": ""}}, {"model": "admin.logentry", "pk": 129, "fields": {"action_time": "2026-06-02T15:10:21.771Z", "user": 1, "content_type": 9, "object_id": "3", "object_repr": "ADRIAN CITY vs FC KCHACEBRAS", "action_flag": 3, "change_message": ""}}, {"model": "admin.logentry", "pk": 130, "fields": {"action_time": "2026-06-02T19:42:08.859Z", "user": 1, "content_type": 9, "object_id": "6", "object_repr": "FC QUAKERS vs REAL OROYA", "action_flag": 1, "change_message": "[{\"added\": {}}]"}}, {"model": "admin.logentry", "pk": 131, "fields": {"action_time": "2026-06-02T19:42:38.019Z", "user": 1, "content_type": 9, "object_id": "7", "object_repr": "PUM DE MUNICH vs NOTROFEOHAM", "action_flag": 1, "change_message": "[{\"added\": {}}]"}}, {"model": "admin.logentry", "pk": 132, "fields": {"action_time": "2026-06-02T19:43:25.437Z", "user": 1, "content_type": 9, "object_id": "8", "object_repr": "FC QUAKERS vs PSF", "action_flag": 1, "change_message": "[{\"added\": {}}]"}}, {"model": "admin.logentry", "pk": 133, "fields": {"action_time": "2026-06-02T19:43:49.944Z", "user": 1, "content_type": 9, "object_id": "9", "object_repr": "PSF vs REAL OROYA", "action_flag": 1, "change_message": "[{\"added\": {}}]"}}, {"model": "admin.logentry", "pk": 134, "fields": {"action_time": "2026-06-02T19:44:28.454Z", "user": 1, "content_type": 9, "object_id": "10", "object_repr": "MAN. MENESES vs PSF", "action_flag": 1, "change_message": "[{\"added\": {}}]"}}, {"model": "admin.logentry", "pk": 135, "fields": {"action_time": "2026-06-02T19:48:07.154Z", "user": 1, "content_type": 9, "object_id": "11", "object_repr": "NOTROFEOHAM vs DDA", "action_flag": 1, "change_message": "[{\"added\": {}}]"}}, {"model": "admin.logentry", "pk": 136, "fields": {"action_time": "2026-06-02T19:48:36.967Z", "user": 1, "content_type": 9, "object_id": "12", "object_repr": "NOTROFEOHAM vs AC MARIO", "action_flag": 1, "change_message": "[{\"added\": {}}]"}}, {"model": "admin.logentry", "pk": 137, "fields": {"action_time": "2026-06-02T19:49:51.327Z", "user": 1, "content_type": 9, "object_id": "13", "object_repr": "FC QUAKERS vs MAN. MENESES", "action_flag": 1, "change_message": "[{\"added\": {}}]"}}, {"model": "admin.logentry", "pk": 138, "fields": {"action_time": "2026-06-02T19:51:46.834Z", "user": 1, "content_type": 9, "object_id": "8", "object_repr": "FC QUAKERS vs PSF", "action_flag": 3, "change_message": ""}}, {"model": "admin.logentry", "pk": 139, "fields": {"action_time": "2026-06-02T19:53:07.857Z", "user": 1, "content_type": 9, "object_id": "10", "object_repr": "MAN. MENESES vs PSF", "action_flag": 3, "change_message": ""}}, {"model": "admin.logentry", "pk": 140, "fields": {"action_time": "2026-06-02T19:53:07.857Z", "user": 1, "content_type": 9, "object_id": "9", "object_repr": "PSF vs REAL OROYA", "action_flag": 3, "change_message": ""}}, {"model": "admin.logentry", "pk": 141, "fields": {"action_time": "2026-06-02T19:54:55.809Z", "user": 1, "content_type": 9, "object_id": "12", "object_repr": "NOTROFEOHAM vs AC MARIO", "action_flag": 3, "change_message": ""}}, {"model": "admin.logentry", "pk": 142, "fields": {"action_time": "2026-06-02T19:54:55.809Z", "user": 1, "content_type": 9, "object_id": "11", "object_repr": "NOTROFEOHAM vs DDA", "action_flag": 3, "change_message": ""}}, {"model": "admin.logentry", "pk": 143, "fields": {"action_time": "2026-06-02T19:59:04.676Z", "user": 1, "content_type": 9, "object_id": "14", "object_repr": "REAL OROYA vs MAN. MENESES", "action_flag": 1, "change_message": "[{\"added\": {}}]"}}, {"model": "admin.logentry", "pk": 144, "fields": {"action_time": "2026-06-02T20:02:51.284Z", "user": 1, "content_type": 9, "object_id": "15", "object_repr": "PUM DE MUNICH vs AC MARIO", "action_flag": 1, "change_message": "[{\"added\": {}}]"}}, {"model": "admin.logentry", "pk": 145, "fields": {"action_time": "2026-06-02T20:07:17.837Z", "user": 1, "content_type": 9, "object_id": "16", "object_repr": "DDA vs AC MARIO", "action_flag": 1, "change_message": "[{\"added\": {}}]"}}, {"model": "admin.logentry", "pk": 146, "fields": {"action_time": "2026-06-02T20:13:13.731Z", "user": 1, "content_type": 9, "object_id": "17", "object_repr": "PUM DE MUNICH vs DDA", "action_flag": 1, "change_message": "[{\"added\": {}}]"}}, {"model": "admin.logentry", "pk": 147, "fields": {"action_time": "2026-06-05T15:55:48.573Z", "user": 1, "content_type": 9, "object_id": "18", "object_repr": "PSF vs MAN. MENESES", "action_flag": 1, "change_message": "[{\"added\": {}}]"}}, {"model": "admin.logentry", "pk": 148, "fields": {"action_time": "2026-06-05T16:03:28.438Z", "user": 1, "content_type": 9, "object_id": "19", "object_repr": "CUY ATLETICO vs FC KAIZEN", "action_flag": 1, "change_message": "[{\"added\": {}}]"}}, {"model": "admin.logentry", "pk": 149, "fields": {"action_time": "2026-06-05T16:05:09.522Z", "user": 1, "content_type": 9, "object_id": "20", "object_repr": "FC QUAKERS vs PSF", "action_flag": 1, "change_message": "[{\"added\": {}}]"}}, {"model": "admin.logentry", "pk": 150, "fields": {"action_time": "2026-06-05T16:15:53.026Z", "user": 1, "content_type": 9, "object_id": "21", "object_repr": "ROMPE T. FC vs JOHANTUS", "action_flag": 1, "change_message": "[{\"added\": {}}]"}}, {"model": "admin.logentry", "pk": 151, "fields": {"action_time": "2026-06-05T16:16:15.284Z", "user": 1, "content_type": 9, "object_id": "22", "object_repr": "REAL OROYA vs PSF", "action_flag": 1, "change_message": "[{\"added\": {}}]"}}, {"model": "admin.logentry", "pk": 152, "fields": {"action_time": "2026-06-05T16:23:55.954Z", "user": 1, "content_type": 9, "object_id": "23", "object_repr": "FC KAIZEN vs JOHANTUS", "action_flag": 1, "change_message": "[{\"added\": {}}]"}}, {"model": "admin.logentry", "pk": 153, "fields": {"action_time": "2026-06-05T16:25:04.618Z", "user": 1, "content_type": 9, "object_id": "24", "object_repr": "DDA vs NOTROFEOHAM", "action_flag": 1, "change_message": "[{\"added\": {}}]"}}, {"model": "auth.permission", "pk": 1, "fields": {"name": "Can add log entry", "content_type": 1, "codename": "add_logentry"}}, {"model": "auth.permission", "pk": 2, "fields": {"name": "Can change log entry", "content_type": 1, "codename": "change_logentry"}}, {"model": "auth.permission", "pk": 3, "fields": {"name": "Can delete log entry", "content_type": 1, "codename": "delete_logentry"}}, {"model": "auth.permission", "pk": 4, "fields": {"name": "Can view log entry", "content_type": 1, "codename": "view_logentry"}}, {"model": "auth.permission", "pk": 5, "fields": {"name": "Can add permission", "content_type": 2, "codename": "add_permission"}}, {"model": "auth.permission", "pk": 6, "fields": {"name": "Can change permission", "content_type": 2, "codename": "change_permission"}}, {"model": "auth.permission", "pk": 7, "fields": {"name": "Can delete permission", "content_type": 2, "codename": "delete_permission"}}, {"model": "auth.permission", "pk": 8, "fields": {"name": "Can view permission", "content_type": 2, "codename": "view_permission"}}, {"model": "auth.permission", "pk": 9, "fields": {"name": "Can add group", "content_type": 3, "codename": "add_group"}}, {"model": "auth.permission", "pk": 10, "fields": {"name": "Can change group", "content_type": 3, "codename": "change_group"}}, {"model": "auth.permission", "pk": 11, "fields": {"name": "Can delete group", "content_type": 3, "codename": "delete_group"}}, {"model": "auth.permission", "pk": 12, "fields": {"name": "Can view group", "content_type": 3, "codename": "view_group"}}, {"model": "auth.permission", "pk": 13, "fields": {"name": "Can add user", "content_type": 4, "codename": "add_user"}}, {"model": "auth.permission", "pk": 14, "fields": {"name": "Can change user", "content_type": 4, "codename": "change_user"}}, {"model": "auth.permission", "pk": 15, "fields": {"name": "Can delete user", "content_type": 4, "codename": "delete_user"}}, {"model": "auth.permission", "pk": 16, "fields": {"name": "Can view user", "content_type": 4, "codename": "view_user"}}, {"model": "auth.permission", "pk": 17, "fields": {"name": "Can add content type", "content_type": 5, "codename": "add_contenttype"}}, {"model": "auth.permission", "pk": 18, "fields": {"name": "Can change content type", "content_type": 5, "codename": "change_contenttype"}}, {"model": "auth.permission", "pk": 19, "fields": {"name": "Can delete content type", "content_type": 5, "codename": "delete_contenttype"}}, {"model": "auth.permission", "pk": 20, "fields": {"name": "Can view content type", "content_type": 5, "codename": "view_contenttype"}}, {"model": "auth.permission", "pk": 21, "fields": {"name": "Can add session", "content_type": 6, "codename": "add_session"}}, {"model": "auth.permission", "pk": 22, "fields": {"name": "Can change session", "content_type": 6, "codename": "change_session"}}, {"model": "auth.permission", "pk": 23, "fields": {"name": "Can delete session", "content_type": 6, "codename": "delete_session"}}, {"model": "auth.permission", "pk": 24, "fields": {"name": "Can view session", "content_type": 6, "codename": "view_session"}}, {"model": "auth.permission", "pk": 25, "fields": {"name": "Can add grupo equipo", "content_type": 7, "codename": "add_grupoequipo"}}, {"model": "auth.permission", "pk": 26, "fields": {"name": "Can change grupo equipo", "content_type": 7, "codename": "change_grupoequipo"}}, {"model": "auth.permission", "pk": 27, "fields": {"name": "Can delete grupo equipo", "content_type": 7, "codename": "delete_grupoequipo"}}, {"model": "auth.permission", "pk": 28, "fields": {"name": "Can view grupo equipo", "content_type": 7, "codename": "view_grupoequipo"}}, {"model": "auth.permission", "pk": 29, "fields": {"name": "Can add equipo", "content_type": 8, "codename": "add_equipo"}}, {"model": "auth.permission", "pk": 30, "fields": {"name": "Can change equipo", "content_type": 8, "codename": "change_equipo"}}, {"model": "auth.permission", "pk": 31, "fields": {"name": "Can delete equipo", "content_type": 8, "codename": "delete_equipo"}}, {"model": "auth.permission", "pk": 32, "fields": {"name": "Can view equipo", "content_type": 8, "codename": "view_equipo"}}, {"model": "auth.permission", "pk": 33, "fields": {"name": "Can add partido", "content_type": 9, "codename": "add_partido"}}, {"model": "auth.permission", "pk": 34, "fields": {"name": "Can change partido", "content_type": 9, "codename": "change_partido"}}, {"model": "auth.permission", "pk": 35, "fields": {"name": "Can delete partido", "content_type": 9, "codename": "delete_partido"}}, {"model": "auth.permission", "pk": 36, "fields": {"name": "Can view partido", "content_type": 9, "codename": "view_partido"}}, {"model": "auth.permission", "pk": 37, "fields": {"name": "Can add grupo", "content_type": 10, "codename": "add_grupo"}}, {"model": "auth.permission", "pk": 38, "fields": {"name": "Can change grupo", "content_type": 10, "codename": "change_grupo"}}, {"model": "auth.permission", "pk": 39, "fields": {"name": "Can delete grupo", "content_type": 10, "codename": "delete_grupo"}}, {"model": "auth.permission", "pk": 40, "fields": {"name": "Can view grupo", "content_type": 10, "codename": "view_grupo"}}, {"model": "auth.group", "pk": 1, "fields": {"name": "A", "permissions": []}}, {"model": "auth.group", "pk": 2, "fields": {"name": "B", "permissions": []}}, {"model": "auth.group", "pk": 3, "fields": {"name": "C", "permissions": []}}, {"model": "auth.group", "pk": 4, "fields": {"name": "D", "permissions": []}}, {"model": "auth.user", "pk": 1, "fields": {"password": "pbkdf2_sha256$1000000$7j5dNHXM1eeMknrvpzbXpT$SA2i9rzZQYjrkP12fuFLVm4JAnAaKZUB+rMyjsqQK5Y=", "last_login": "2026-06-02T14:55:19.242Z", "is_superuser": true, "username": "adriankoz", "first_name": "", "last_name": "", "email": "alvaroangoma@gmail.com", "is_staff": true, "is_active": true, "date_joined": "2026-05-02T00:39:34.943Z", "groups": [], "user_permissions": []}}, {"model": "contenttypes.contenttype", "pk": 1, "fields": {"app_label": "admin", "model": "logentry"}}, {"model": "contenttypes.contenttype", "pk": 2, "fields": {"app_label": "auth", "model": "permission"}}, {"model": "contenttypes.contenttype", "pk": 3, "fields": {"app_label": "auth", "model": "group"}}, {"model": "contenttypes.contenttype", "pk": 4, "fields": {"app_label": "auth", "model": "user"}}, {"model": "contenttypes.contenttype", "pk": 5, "fields": {"app_label": "contenttypes", "model": "contenttype"}}, {"model": "contenttypes.contenttype", "pk": 6, "fields": {"app_label": "sessions", "model": "session"}}, {"model": "contenttypes.contenttype", "pk": 7, "fields": {"app_label": "futbol", "model": "grupoequipo"}}, {"model": "contenttypes.contenttype", "pk": 8, "fields": {"app_label": "futbol", "model": "equipo"}}, {"model": "contenttypes.contenttype", "pk": 9, "fields": {"app_label": "futbol", "model": "partido"}}, {"model": "contenttypes.contenttype", "pk": 10, "fields": {"app_label": "futbol", "model": "grupo"}}, {"model": "sessions.session", "pk": "13lwdvwecps6hraskvqv67ybeupgt0ti", "fields": {"session_data": ".eJxVjEEOwiAQRe_C2hDBOgwu3fcMhJkBqRpISrsy3l2bdKHb_977LxXiupSw9jSHSdRFGXX43SjyI9UNyD3WW9Pc6jJPpDdF77TrsUl6Xnf376DEXr41DN4TixUkisYDOE9wQufOwD6nhIwJbfaWcgbMwAaiG4hZ5IhOSL0_8tY4yQ:1wIyPF:llEvtJTUEB6O64_lEvKOPPAUfm8e2zjytJd-lOKZ4I4", "expire_date": "2026-05-16T00:40:29.926Z"}}, {"model": "sessions.session", "pk": "autnv6ewpq4zez7yw2mbu6d8eynljssh", "fields": {"session_data": ".eJxVjEEOwiAQRe_C2hDBOgwu3fcMhJkBqRpISrsy3l2bdKHb_977LxXiupSw9jSHSdRFGXX43SjyI9UNyD3WW9Pc6jJPpDdF77TrsUl6Xnf376DEXr41DN4TixUkisYDOE9wQufOwD6nhIwJbfaWcgbMwAaiG4hZ5IhOSL0_8tY4yQ:1wTQqB:39A36PY-bFjrGhGy7wnYzOV3Fuzcxh8tJHaRbbr3BX4", "expire_date": "2026-06-13T21:03:31.218Z"}}, {"model": "sessions.session", "pk": "gp9jyo972690fy2krllosqv5prw8pl9k", "fields": {"session_data": ".eJxVjEEOwiAQRe_C2hDBOgwu3fcMhJkBqRpISrsy3l2bdKHb_977LxXiupSw9jSHSdRFGXX43SjyI9UNyD3WW9Pc6jJPpDdF77TrsUl6Xnf376DEXr41DN4TixUkisYDOE9wQufOwD6nhIwJbfaWcgbMwAaiG4hZ5IhOSL0_8tY4yQ:1wUQWV:UXzSft0IrshIR8rqmNB4ESdjL076McdHbYdSmWMeQO0", "expire_date": "2026-06-16T14:55:19.249Z"}}, {"model": "futbol.equipo", "pk": 1, "fields": {"nombre": "ADRIAN CITY", "logo": ""}}, {"model": "futbol.equipo", "pk": 2, "fields": {"nombre": "REAL OROYA", "logo": ""}}, {"model": "futbol.equipo", "pk": 4, "fields": {"nombre": "FC QUAKERS", "logo": ""}}, {"model": "futbol.equipo", "pk": 5, "fields": {"nombre": "AC MARIO", "logo": ""}}, {"model": "futbol.equipo", "pk": 6, "fields": {"nombre": "PUM DE MUNICH", "logo": ""}}, {"model": "futbol.equipo", "pk": 7, "fields": {"nombre": "ROMPE T. FC", "logo": ""}}, {"model": "futbol.equipo", "pk": 8, "fields": {"nombre": "MAN. MENESES", "logo": ""}}, {"model": "futbol.equipo", "pk": 9, "fields": {"nombre": "PSF", "logo": ""}}, {"model": "futbol.equipo", "pk": 10, "fields": {"nombre": "ASTON TIMBA", "logo": ""}}, {"model": "futbol.equipo", "pk": 11, "fields": {"nombre": "FC KAIZEN", "logo": ""}}, {"model": "futbol.equipo", "pk": 13, "fields": {"nombre": "CUY ATLETICO", "logo": ""}}, {"model": "futbol.equipo", "pk": 14, "fields": {"nombre": "DDA", "logo": ""}}, {"model": "futbol.equipo", "pk": 15, "fields": {"nombre": "NOTROFEOHAM", "logo": ""}}, {"model": "futbol.equipo", "pk": 16, "fields": {"nombre": "FC KCHACEBRAS", "logo": ""}}, {"model": "futbol.equipo", "pk": 17, "fields": {"nombre": "JOHANTUS", "logo": ""}}, {"model": "futbol.equipo", "pk": 18, "fields": {"nombre": "HANCERNAL", "logo": ""}}, {"model": "futbol.grupo", "pk": 1, "fields": {"nombre": "A"}}, {"model": "futbol.grupo", "pk": 2, "fields": {"nombre": "B"}}, {"model": "futbol.grupo", "pk": 3, "fields": {"nombre": "C"}}, {"model": "futbol.grupo", "pk": 4, "fields": {"nombre": "D"}}, {"model": "futbol.grupoequipo", "pk": 17, "fields": {"equipo": 2, "grupo": 1, "pj": 4, "g": 2, "e": 2, "p": 0, "gf": 7, "gc": 1, "puntos": 8}}, {"model": "futbol.grupoequipo", "pk": 18, "fields": {"equipo": 9, "grupo": 1, "pj": 6, "g": 1, "e": 1, "p": 4, "gf": 3, "gc": 10, "puntos": 4}}, {"model": "futbol.grupoequipo", "pk": 19, "fields": {"equipo": 8, "grupo": 1, "pj": 4, "g": 1, "e": 0, "p": 3, "gf": 4, "gc": 11, "puntos": 3}}, {"model": "futbol.grupoequipo", "pk": 20, "fields": {"equipo": 4, "grupo": 1, "pj": 4, "g": 3, "e": 1, "p": 0, "gf": 8, "gc": 0, "puntos": 10}}, {"model": "futbol.grupoequipo", "pk": 21, "fields": {"equipo": 5, "grupo": 2, "pj": 3, "g": 3, "e": 0, "p": 0, "gf": 10, "gc": 0, "puntos": 9}}, {"model": "futbol.grupoequipo", "pk": 22, "fields": {"equipo": 6, "grupo": 2, "pj": 3, "g": 2, "e": 0, "p": 1, "gf": 6, "gc": 1, "puntos": 6}}, {"model": "futbol.grupoequipo", "pk": 23, "fields": {"equipo": 14, "grupo": 2, "pj": 4, "g": 1, "e": 1, "p": 2, "gf": 3, "gc": 8, "puntos": 4}}, {"model": "futbol.grupoequipo", "pk": 24, "fields": {"equipo": 15, "grupo": 2, "pj": 4, "g": 0, "e": 1, "p": 3, "gf": 0, "gc": 10, "puntos": 1}}, {"model": "futbol.grupoequipo", "pk": 25, "fields": {"equipo": 7, "grupo": 3, "pj": 1, "g": 1, "e": 0, "p": 0, "gf": 1, "gc": 0, "puntos": 3}}, {"model": "futbol.grupoequipo", "pk": 26, "fields": {"equipo": 17, "grupo": 3, "pj": 2, "g": 0, "e": 0, "p": 2, "gf": 1, "gc": 3, "puntos": 0}}, {"model": "futbol.grupoequipo", "pk": 27, "fields": {"equipo": 11, "grupo": 3, "pj": 2, "g": 1, "e": 1, "p": 0, "gf": 3, "gc": 2, "puntos": 4}}, {"model": "futbol.grupoequipo", "pk": 28, "fields": {"equipo": 13, "grupo": 3, "pj": 1, "g": 0, "e": 1, "p": 0, "gf": 1, "gc": 1, "puntos": 1}}, {"model": "futbol.grupoequipo", "pk": 29, "fields": {"equipo": 16, "grupo": 4, "pj": 1, "g": 0, "e": 0, "p": 1, "gf": 0, "gc": 5, "puntos": 0}}, {"model": "futbol.grupoequipo", "pk": 30, "fields": {"equipo": 1, "grupo": 4, "pj": 3, "g": 2, "e": 0, "p": 1, "gf": 6, "gc": 1, "puntos": 6}}, {"model": "futbol.grupoequipo", "pk": 31, "fields": {"equipo": 10, "grupo": 4, "pj": 1, "g": 0, "e": 0, "p": 1, "gf": 0, "gc": 1, "puntos": 0}}, {"model": "futbol.grupoequipo", "pk": 32, "fields": {"equipo": 18, "grupo": 4, "pj": 1, "g": 1, "e": 0, "p": 0, "gf": 1, "gc": 0, "puntos": 3}}, {"model": "futbol.partido", "pk": 6, "fields": {"equipo_local": 4, "equipo_visitante": 2, "goles_local": 0, "goles_visitante": 0, "fase": "grupos", "grupo": 1, "fecha": null}}, {"model": "futbol.partido", "pk": 7, "fields": {"equipo_local": 6, "equipo_visitante": 15, "goles_local": 4, "goles_visitante": 0, "fase": "grupos", "grupo": 2, "fecha": null}}, {"model": "futbol.partido", "pk": 13, "fields": {"equipo_local": 4, "equipo_visitante": 8, "goles_local": 4, "goles_visitante": 0, "fase": "grupos", "grupo": 1, "fecha": null}}, {"model": "futbol.partido", "pk": 14, "fields": {"equipo_local": 2, "equipo_visitante": 8, "goles_local": 4, "goles_visitante": 1, "fase": "grupos", "grupo": 1, "fecha": null}}, {"model": "futbol.partido", "pk": 15, "fields": {"equipo_local": 6, "equipo_visitante": 5, "goles_local": 0, "goles_visitante": 1, "fase": "grupos", "grupo": 2, "fecha": null}}, {"model": "futbol.partido", "pk": 16, "fields": {"equipo_local": 14, "equipo_visitante": 5, "goles_local": 0, "goles_visitante": 6, "fase": "grupos", "grupo": 2, "fecha": null}}, {"model": "futbol.partido", "pk": 17, "fields": {"equipo_local": 6, "equipo_visitante": 14, "goles_local": 2, "goles_visitante": 0, "fase": "grupos", "grupo": 2, "fecha": null}}, {"model": "futbol.partido", "pk": 18, "fields": {"equipo_local": 9, "equipo_visitante": 8, "goles_local": 3, "goles_visitante": 0, "fase": "grupos", "grupo": 1, "fecha": null}}, {"model": "futbol.partido", "pk": 19, "fields": {"equipo_local": 13, "equipo_visitante": 11, "goles_local": 1, "goles_visitante": 1, "fase": "grupos", "grupo": 3, "fecha": null}}, {"model": "futbol.partido", "pk": 20, "fields": {"equipo_local": 4, "equipo_visitante": 9, "goles_local": 1, "goles_visitante": 0, "fase": "grupos", "grupo": 1, "fecha": null}}, {"model": "futbol.partido", "pk": 21, "fields": {"equipo_local": 7, "equipo_visitante": 17, "goles_local": 1, "goles_visitante": 0, "fase": "grupos", "grupo": 3, "fecha": null}}, {"model": "futbol.partido", "pk": 22, "fields": {"equipo_local": 2, "equipo_visitante": 9, "goles_local": 0, "goles_visitante": 0, "fase": "grupos", "grupo": 1, "fecha": null}}, {"model": "futbol.partido", "pk": 23, "fields": {"equipo_local": 11, "equipo_visitante": 17, "goles_local": 2, "goles_visitante": 1, "fase": "grupos", "grupo": 3, "fecha": null}}, {"model": "futbol.partido", "pk": 24, "fields": {"equipo_local": 14, "equipo_visitante": 15, "goles_local": 0, "goles_visitante": 0, "fase": "grupos", "grupo": 2, "fecha": null}}]